Workbook

Sheet Test Cases
A1: Test ID | B1: Module | C1: Function | D1: Input | E1: Expected Result | F1: Technique | G1: Description | H1: Actual Result | I1: Status
A2: TC01 | B2: decimal_to_binary.py | C2: decimal_to_binary_iterative | D2: 5 | E2: 0b101 | F2: ECP | G2: Small positive integer | H2: 0b101 | I2: =IF(E2=H2,"Pass","Fail") -> Pass
A3: TC02 | B3: decimal_to_binary.py | C3: decimal_to_binary_iterative | D3: -2 | E3: -0b10 | F3: ECP | G3: Negative integer | H3: -0b10 | I3: =IF(E3=H3,"Pass","Fail") -> Pass
A4: TC03 | B4: decimal_to_binary.py | C4: decimal_to_binary_iterative | D4: 0 | E4: 0b0 | F4: BVA | G4: Zero boundary | H4: 0b0 | I4: =IF(E4=H4,"Pass","Fail") -> Pass
A5: TC04 | B5: decimal_to_binary.py | C5: decimal_to_binary_iterative | D5: 16.16 | E5: raises TypeError | F5: ECP | G5: Float input is rejected | H5: raises TypeError | I5: =IF(E5=H5,"Pass","Fail") -> Pass
A6: TC05 | B6: decimal_to_binary.py | C6: decimal_to_binary_recursive_helper | D6: 1000 | E6: 1111101000 | F6: ECP | G6: Large positive integer | H6: 1111101000 | I6: =IF(E6=H6,"Pass","Fail") -> Pass
A7: TC06 | B7: decimal_to_binary.py | C7: decimal_to_binary_recursive_helper | D7: 2 | E7: 10 | F7: BVA | G7: First value that needs recursion | H7: 10 | I7: =IF(E7=H7,"Pass","Fail") -> Pass
A8: TC07 | B8: decimal_to_binary.py | C8: decimal_to_binary_recursive | D8: 40 | E8: 0b101000 | F8: ECP | G8: Positive integer | H8: 0b101000 | I8: =IF(E8=H8,"Pass","Fail") -> Pass
A9: TC08 | B9: decimal_to_binary.py | C9: decimal_to_binary_recursive | D9: '' | E9: raises ValueError | F9: BVA | G9: Empty string boundary | H9: raises ValueError | I9: =IF(E9=H9,"Pass","Fail") -> Pass
A10: TC09 | B10: decimal_to_binary.py | C10: decimal_to_binary_recursive | D10: 'forty' | E10: raises ValueError | F10: ECP | G10: Words instead of digits | H10: raises ValueError | I10: =IF(E10=H10,"Pass","Fail") -> Pass
A11: TC10 | B11: count_vowels.py | C11: count_vowels | D11: 'hello world' | E11: 3 | F11: ECP | G11: Lowercase sentence | H11: 3 | I11: =IF(E11=H11,"Pass","Fail") -> Pass
A12: TC11 | B12: count_vowels.py | C12: count_vowels | D12: '' | E12: 0 | F12: BVA | G12: Empty string boundary | H12: 0 | I12: =IF(E12=H12,"Pass","Fail") -> Pass
A13: TC12 | B13: count_vowels.py | C13: count_vowels | D13: 12345 | E13: raises TypeError | F13: ECP | G13: Non-string input is rejected | H13: raises TypeError | I13: =IF(E13=H13,"Pass","Fail") -> Pass
... A17: TC16 | B17: addition_without_arithmetic.py | C17: add | D17: 0, 0 | E17: 0 | F17: BVA | G17: Smallest operands | H17: 0 | I17: =IF(E17=H17,"Pass","Fail") -> Pass

Sheet Summary
A1: Test Execution Summary
A3: Total test cases | B3: =COUNTA('Test Cases'!A2:A17) -> 16
A4: Passed | B4: =COUNTIF('Test Cases'!I2:I17,"Pass") -> 16
A5: Failed | B5: =COUNTIF('Test Cases'!I2:I17,"Fail") -> 0
A6: Pass rate | B6: =IF(B3=0,0,B4/B3) -> 1
A7: ECP test cases | B7: =COUNTIF('Test Cases'!F2:F17,"ECP") -> 10
A8: BVA test cases | B8: =COUNTIF('Test Cases'!F2:F17,"BVA") -> 6

Sheet Defects Found
A1: Defect ID | B1: Module | C1: Function | D1: Input | E1: Expected Behaviour | F1: Actual Behaviour | G1: Automated test
A2: D01 | B2: addition_without_arithmetic.py | C2: add | D2: -1, 1 | E2: 0 | F2: Never returns (infinite loop) | G2: test_add_member_b.py::test_add_mixed_signs_non_negative_result
A3: D02 | B3: addition_without_arithmetic.py | C3: add | D3: 5, -3 | E3: 2 | F3: Never returns (infinite loop) | G3: test_add_member_b.py::test_add_mixed_signs_non_negative_result
A4: D03 | B4: decimal_to_binary.py | C4: decimal_to_binary_recursive | D4: '-0' | E4: 0b0 (same as bin(-0)) | F4: Returns -0b0 | G4: test_decimal_to_binary_member_b.py::test_recursive_negative_zero
A5: D04 | B5: decimal_to_binary.py | C5: decimal_to_binary_recursive | D5: '--5' | E5: ValueError | F5: Returns -0b101 (extra minus signs silently accepted) | G5: test_decimal_to_binary_member_b.py::test_recursive_double_minus_should_be_rejected
